band,n,mean_radius,rmse,mean_pred_std,mean_epistemic_std,z_std,picp_50,picp_68,picp_90,picp_95,nll,crps,ellipsoid_picp_50,ellipsoid_picp_68,ellipsoid_picp_90,ellipsoid_picp_95,mean_mahalanobis_d2,median_mahalanobis_d2
all,410,1.3078713387010967,4.94932151275616e-05,3.9218376716283564e-05,0.00015735022198962113,0.6854238251295677,0.8032520325203252,0.8902439024390244,0.9634146341463414,0.9747967479674797,-10.53372624780004,1.3846015407244292e-05,0.8512195121951219,0.8975609756097561,0.9536585365853658,0.9658536585365853,1.331216964948025,0.4224251333959401
low,92,1.092495753647269,0.00010399413912083762,0.00015727627181056074,0.0005733671267621533,0.6208867912926261,0.8152173913043478,0.9130434782608695,0.9746376811594203,0.9891304347826086,-8.015254677035555,5.4145890847593594e-05,0.8478260869565217,0.9130434782608695,0.967391304347826,0.9782608695652174,1.2926862569440964,0.6617253296474381
mid,149,1.251483796826642,7.804986284465304e-06,8.218081130944327e-06,6.561905167061882e-05,0.8333173619244639,0.7293064876957495,0.8389261744966443,0.9373601789709173,0.9507829977628636,-10.52367496918241,3.78636914669867e-06,0.7651006711409396,0.8322147651006712,0.9261744966442953,0.9395973154362416,1.9613815506838175,0.7227532962930758
high,169,1.4748316793179364,1.311121524355036e-06,2.281795021266083e-06,1.1754891447954787e-05,0.562655579468023,0.8619329388560157,0.9230769230769231,0.980276134122288,0.9881656804733728,-11.913590301198616,7.767772552275015e-07,0.9289940828402367,0.9467455621301775,0.9704142011834319,0.9822485207100592,0.7966033664967132,0.22980173180789032
