band,n,mean_radius,rmse,mean_pred_std,mean_epistemic_std,z_std,picp_50,picp_68,picp_90,picp_95,nll,crps,ellipsoid_picp_50,ellipsoid_picp_68,ellipsoid_picp_90,ellipsoid_picp_95,mean_mahalanobis_d2,median_mahalanobis_d2
all,410,1.3078713387010967,0.00019254248943108634,0.00022734673750400013,2.9450923425068373e-05,0.6806365489760905,0.7252032520325203,0.8569105691056911,0.975609756097561,0.9902439024390244,-7.520280608560054,8.794530123064737e-05,0.824390243902439,0.9121951219512195,0.9853658536585366,0.9926829268292683,1.3851358920624857,0.843380680937718
low,92,1.092495753647269,0.00035748592779907227,0.0005416029548251243,7.004596916199718e-05,0.6483593988246839,0.782608695652174,0.8804347826086957,0.9782608695652174,0.9927536231884058,-6.477783070293394,0.0002014294671972177,0.8804347826086957,0.9239130434782609,0.9891304347826086,0.9891304347826086,1.2505782843310342,0.6740822933422624
mid,149,1.251483796826642,0.00013896777993276202,0.00019288512366034814,2.5380424426025186e-05,0.7155369898246365,0.7136465324384788,0.8612975391498882,0.9619686800894854,0.9821029082774049,-7.379058029463156,7.888447889995792e-05,0.8120805369127517,0.8791946308724832,0.9664429530201343,0.9865771812080537,1.5276725640610587,0.8037035888964827
high,169,1.4748316793179364,5.7821717065962984e-05,8.665566335702217e-05,1.094062841358898e-05,0.6674091888204199,0.7041420118343196,0.8402366863905325,0.9861932938856016,0.9960552268244576,-8.212303909187096,3.415547435696843e-05,0.8047337278106509,0.9349112426035503,1.0,1.0,1.3327177606039415,0.9133690295244268
