{
  "cases": [
    {
      "acceptance": {
        "all_bands_pass": false,
        "high": {
          "picp90_in_range": false,
          "picp_90": 0.9861932938856016,
          "z_std": 0.6674091888204199,
          "z_std_in_range": false
        },
        "low": {
          "picp90_in_range": false,
          "picp_90": 0.9782608695652174,
          "z_std": 0.6483593988246839,
          "z_std_in_range": false
        },
        "mid": {
          "picp90_in_range": false,
          "picp_90": 0.9619686800894854,
          "z_std": 0.7155369898246365,
          "z_std_in_range": true
        }
      },
      "baseline_calibration": {
        "all": {
          "mean_epistemic_std": 2.945e-05,
          "mean_pred_std": 0.000237,
          "mean_radius": 1.308,
          "picp_90": 0.96,
          "rmse": 0.0001925,
          "z_std": 0.67
        },
        "high": {
          "mean_epistemic_std": 1.094e-05,
          "mean_pred_std": 0.0002115,
          "mean_radius": 1.475,
          "picp_90": 1.0,
          "rmse": 5.782e-05,
          "z_std": 0.27
        },
        "low": {
          "mean_epistemic_std": 7.005e-05,
          "mean_pred_std": 0.000321,
          "mean_radius": 1.092,
          "picp_90": 0.87,
          "rmse": 0.0003575,
          "z_std": 1.09
        },
        "mid": {
          "mean_epistemic_std": 2.538e-05,
          "mean_pred_std": 0.0002141,
          "mean_radius": 1.251,
          "picp_90": 0.97,
          "rmse": 0.000139,
          "z_std": 0.64
        }
      },
      "baseline_report": "benchmarks/vespuq_real_lunar_report.md",
      "calibration": {
        "all": {
          "crps": 8.794530123064737e-05,
          "ellipsoid_picp_50": 0.824390243902439,
          "ellipsoid_picp_68": 0.9121951219512195,
          "ellipsoid_picp_90": 0.9853658536585366,
          "ellipsoid_picp_95": 0.9926829268292683,
          "mean_epistemic_std": 2.9450923425068373e-05,
          "mean_mahalanobis_d2": 1.3851358920624857,
          "mean_pred_sigma": 0.00022734673750400013,
          "mean_pred_std": 0.00022734673750400013,
          "mean_radius": 1.3078713387010967,
          "median_mahalanobis_d2": 0.843380680937718,
          "n": 410,
          "nll": -7.520280608560054,
          "picp_50": 0.7252032520325203,
          "picp_68": 0.8569105691056911,
          "picp_90": 0.975609756097561,
          "picp_95": 0.9902439024390244,
          "rmse": 0.00019254248943108634,
          "z_mean": 0.011759182071086097,
          "z_std": 0.6806365489760905
        },
        "high": {
          "crps": 3.415547435696843e-05,
          "ellipsoid_picp_50": 0.8047337278106509,
          "ellipsoid_picp_68": 0.9349112426035503,
          "ellipsoid_picp_90": 1.0,
          "ellipsoid_picp_95": 1.0,
          "mean_epistemic_std": 1.094062841358898e-05,
          "mean_mahalanobis_d2": 1.3327177606039415,
          "mean_pred_sigma": 8.665566335702217e-05,
          "mean_pred_std": 8.665566335702217e-05,
          "mean_radius": 1.4748316793179364,
          "median_mahalanobis_d2": 0.9133690295244268,
          "n": 169,
          "nll": -8.212303909187096,
          "picp_50": 0.7041420118343196,
          "picp_68": 0.8402366863905325,
          "picp_90": 0.9861932938856016,
          "picp_95": 0.9960552268244576,
          "rmse": 5.7821717065962984e-05,
          "z_mean": 0.009811182645221283,
          "z_std": 0.6674091888204199
        },
        "low": {
          "crps": 0.0002014294671972177,
          "ellipsoid_picp_50": 0.8804347826086957,
          "ellipsoid_picp_68": 0.9239130434782609,
          "ellipsoid_picp_90": 0.9891304347826086,
          "ellipsoid_picp_95": 0.9891304347826086,
          "mean_epistemic_std": 7.004596916199718e-05,
          "mean_mahalanobis_d2": 1.2505782843310342,
          "mean_pred_sigma": 0.0005416029548251243,
          "mean_pred_std": 0.0005416029548251243,
          "mean_radius": 1.092495753647269,
          "median_mahalanobis_d2": 0.6740822933422624,
          "n": 92,
          "nll": -6.477783070293394,
          "picp_50": 0.782608695652174,
          "picp_68": 0.8804347826086957,
          "picp_90": 0.9782608695652174,
          "picp_95": 0.9927536231884058,
          "rmse": 0.00035748592779907227,
          "z_mean": 0.017851103607066012,
          "z_std": 0.6483593988246839
        },
        "mid": {
          "crps": 7.888447889995792e-05,
          "ellipsoid_picp_50": 0.8120805369127517,
          "ellipsoid_picp_68": 0.8791946308724832,
          "ellipsoid_picp_90": 0.9664429530201343,
          "ellipsoid_picp_95": 0.9865771812080537,
          "mean_epistemic_std": 2.5380424426025186e-05,
          "mean_mahalanobis_d2": 1.5276725640610587,
          "mean_pred_sigma": 0.00019288512366034814,
          "mean_pred_std": 0.00019288512366034814,
          "mean_radius": 1.251483796826642,
          "median_mahalanobis_d2": 0.8037035888964827,
          "n": 149,
          "nll": -7.379058029463156,
          "picp_50": 0.7136465324384788,
          "picp_68": 0.8612975391498882,
          "picp_90": 0.9619686800894854,
          "picp_95": 0.9821029082774049,
          "rmse": 0.00013896777993276202,
          "z_mean": 0.01020720302183104,
          "z_std": 0.7155369898246365
        }
      },
      "config_path": "configs/vespuq/vespuq_real_lunar.yaml",
      "conformal": {
        "alpha": 0.1,
        "apply": true,
        "bands": [
          {
            "alpha": 0.1,
            "coverage_after": 0.9354838709677419,
            "coverage_before": 0.7419354838709677,
            "mode": "norm",
            "n_calibration": 31,
            "name": "low",
            "quantile_level": 0.9354838709677419,
            "radius_range": [
              1.03,
              1.15
            ],
            "scale": 1.687214445937472,
            "target_coverage": 0.9,
            "used": true
          },
          {
            "alpha": 0.1,
            "coverage_after": 0.9152542372881356,
            "coverage_before": 0.9152542372881356,
            "mode": "norm",
            "n_calibration": 59,
            "name": "mid",
            "quantile_level": 0.9152542372881356,
            "radius_range": [
              1.15,
              1.35
            ],
            "scale": 0.9009234400682289,
            "target_coverage": 0.9,
            "used": true
          },
          {
            "alpha": 0.1,
            "coverage_after": 0.921875,
            "coverage_before": 1.0,
            "mode": "norm",
            "n_calibration": 64,
            "name": "high",
            "quantile_level": 0.921875,
            "radius_range": [
              1.35,
              1.6
            ],
            "scale": 0.40981551752067386,
            "target_coverage": 0.9,
            "used": true
          }
        ],
        "enabled": true,
        "extrapolation_rule": "queries outside a fitted band use the global conformal scale",
        "global": {
          "alpha": 0.1,
          "coverage_after": 0.9090909090909091,
          "coverage_before": 0.9155844155844156,
          "mode": "norm",
          "n_calibration": 154,
          "quantile_level": 0.9090909090909091,
          "scale": 0.8945661283751243,
          "target_coverage": 0.9
        },
        "min_band_n": 30,
        "mode": "norm",
        "scope": "per_band"
      },
      "label": "L60",
      "run_dir": "conformal_validation_runs\\vespuq_real_lunar_conformal",
      "runtime": {
        "calibration_eval_seconds": 0.09514909999779775,
        "fit_seconds": 2.7186034000005748,
        "note": "VESP-UQ is evaluated at output trajectory points only, not inside every integrator RHS call.",
        "score_ms_per_trajectory": 15.153806729999996,
        "score_seconds_total": 151.53806729999997,
        "score_us_per_output_point": 126.28172274999996
      },
      "summary": {
        "capture_rate": 0.6712871287128713,